"","elpd_diff","se_diff","elpd_loo","se_elpd_loo","p_loo","se_p_loo","looic","se_looic","outcome"
"Split Bye",0,0,-22506.9248952489,56.7164105310081,397.228436977069,7.7425244465732,45013.8497904979,113.432821062016,"Point Diff"
"No Split",-1.12408787566101,1.79487557605461,-22508.0489831245,56.7049860630379,397.005890202072,7.72441123967953,45016.097966249,113.409972126076,"Point Diff"
