"","elpd_diff","se_diff","elpd_loo","se_elpd_loo","p_loo","se_p_loo","looic","se_looic","outcome"
"Split Bye",0,0,-14481.4079651655,70.8346509323332,593.332529634742,14.2323404460217,28962.8159303311,141.669301864666,"Spread"
"No Split",-1.03134290775794,2.03700005994754,-14482.4393080733,70.8188632159398,591.826988860403,14.1657566050071,28964.8786161465,141.63772643188,"Spread"
